Date,Solar,Grid IE,Pilot,Charge Power,Min Charge Power,State,Smoothed Available
10/06/2018 07:00:00,167,19,0,0,1440,254,0
10/06/2018 07:01:00,170,18,0,0,1440,254,0
10/06/2018 07:02:00,168,23,0,0,1440,254,0
10/06/2018 07:03:00,160,20,0,0,1440,254,0
10/06/2018 07:04:00,163,18,0,0,1440,254,0
10/06/2018 07:05:00,161,29,0,0,1440,254,0
10/06/2018 07:06:00,156,20,0,0,1440,254,0
10/06/2018 07:07:00,157,33,0,0,1440,254,0
10/06/2018 07:08:00,157,27,0,0,1440,254,0
10/06/2018 07:09:00,160,30,0,0,1440,254,0
10/06/2018 07:10:00,173,19,0,0,1440,254,0
10/06/2018 07:11:00,176,7,0,0,1440,254,0
10/06/2018 07:12:00,184,1,0,0,1440,254,0
10/06/2018 07:13:00,191,-6,0,0,1440,254,0
10/06/2018 07:14:00,196,-7,0,0,1440,254,0
10/06/2018 07:15:00,202,-15,0,0,1440,254,0
10/06/2018 07:16:00,208,-26,0,0,1440,254,0
10/06/2018 07:17:00,216,-33,0,0,1440,254,0
10/06/2018 07:18:00,228,-48,0,0,1440,254,0
10/06/2018 07:19:00,231,-45,0,0,1440,254,0
10/06/2018 07:20:00,235,-43,0,0,1440,254,0
10/06/2018 07:21:00,220,-44,0,0,1440,254,0
10/06/2018 07:22:00,264,-76,0,0,1440,254,0
10/06/2018 07:23:00,346,-159,0,0,1440,254,23.6
10/06/2018 07:24:00,403,-212,0,0,1440,254,58.96
10/06/2018 07:25:00,306,-130,0,0,1440,254,57.512
10/06/2018 07:26:00,322,-148,0,0,1440,254,57.0364
10/06/2018 07:27:00,438,-252,0,0,1440,254,95.0218
10/06/2018 07:28:00,553,-373,0,0,1440,254,166.213
10/06/2018 07:29:00,756,-579,0,0,1440,254,291.328
10/06/2018 07:30:00,649,-462,0,0,1440,254,319.597
10/06/2018 07:31:00,498,-311,0,0,1440,254,314.167
10/06/2018 07:32:00,649,-472,0,0,1440,254,337.3
10/06/2018 07:33:00,702,-520,0,0,1440,254,370.38
10/06/2018 07:34:00,830,-574,0,0,1440,254,411.828
10/06/2018 07:35:00,803,-536,0,0,1440,254,421.497
10/06/2018 07:36:00,854,-605,0,0,1440,254,454.898
10/06/2018 07:37:00,936,-673,0,0,1440,254,502.139
10/06/2018 07:38:00,967,-715,0,0,1440,254,547.283
10/06/2018 07:39:00,987,-735,0,0,1440,254,582.37
10/06/2018 07:40:00,1009,-738,0,0,1440,254,604.622
10/06/2018 07:41:00,1000,-765,0,0,1440,254,628.773
10/06/2018 07:42:00,1035,-786,0,0,1440,254,651.664
10/06/2018 07:43:00,1104,-855,0,0,1440,254,692.998
10/06/2018 07:44:00,1135,-896,0,0,1440,254,734.199
10/06/2018 07:45:00,1157,-915,0,0,1440,254,766.519
10/06/2018 07:46:00,1075,-888,0,0,1440,254,775.112
10/06/2018 07:47:00,1190,-1008,0,0,1440,254,828.267
10/06/2018 07:48:00,1162,-996,0,0,1440,254,855.36
10/06/2018 07:49:00,1114,-944,0,0,1440,254,854.792
10/06/2018 07:50:00,1119,-946,0,0,1440,254,854.353
10/06/2018 07:51:00,1191,-1024,0,0,1440,254,882.212
10/06/2018 07:52:00,1236,-1056,0,0,1440,254,911.727
10/06/2018 07:53:00,1257,-1081,0,0,1440,254,939.436
10/06/2018 07:54:00,1284,-1107,0,0,1440,254,966.462
10/06/2018 07:55:00,1291,-1124,0,0,1440,254,989.477
10/06/2018 07:56:00,1318,-1147,0,0,1440,254,1012.49
10/06/2018 07:57:00,1360,-1174,0,0,1440,254,1037.09
10/06/2018 07:58:00,1378,-1210,0,0,1440,254,1066.26
10/06/2018 07:59:00,1388,-1230,0,0,1440,254,1091.75
10/06/2018 08:00:00,1440,-1244,0,0,1440,254,1112.65
10/06/2018 08:01:00,1431,-1196,0,0,1440,254,1111.82
10/06/2018 08:02:00,1463,-1292,0,0,1440,254,1143.89
10/06/2018 08:03:00,1459,-1273,0,0,1440,254,1155.53
10/06/2018 08:04:00,1430,-1289,0,0,1440,254,1168.92
10/06/2018 08:05:00,1474,-1297,0,0,1440,254,1180.15
10/06/2018 08:06:00,1483,-1322,0,0,1440,254,1196.89
10/06/2018 08:07:00,1477,-1275,0,0,1440,254,1195.8
10/06/2018 08:08:00,1459,-1270,0,0,1440,254,1194.51
10/06/2018 08:09:00,1486,-1312,0,0,1440,254,1201.5
10/06/2018 08:10:00,1497,-1318,0,0,1440,254,1208.1
10/06/2018 08:11:00,1448,-1275,0,0,1440,254,1206.45
10/06/2018 08:12:00,1329,-1163,0,0,1440,254,1199.28
10/06/2018 08:13:00,1345,-1184,0,0,1440,254,1193.51
10/06/2018 08:14:00,1289,-1115,0,0,1440,254,1184.59
10/06/2018 08:15:00,1292,-1099,0,0,1440,254,1175.31
10/06/2018 08:16:00,1291,-1098,0,0,1440,254,1166.44
10/06/2018 08:18:00,1333,-1154,0,0,1440,254,1160.82
10/06/2018 08:19:00,1298,-1105,0,0,1440,254,1153.03
10/06/2018 08:20:00,1450,-1256,0,0,1440,254,1154.22
10/06/2018 08:21:00,1490,-1278,0,0,1440,254,1163.73
10/06/2018 08:22:00,1552,-1319,0,0,1440,254,1185.84
10/06/2018 08:23:00,1602,-1357,0,0,1440,254,1214.3
10/06/2018 08:24:00,1603,-1308,0,0,1440,254,1213.99
10/06/2018 08:25:00,1610,-1303,0,0,1440,254,1213.44
10/06/2018 08:26:00,1614,-1263,0,0,1440,254,1210.92
10/06/2018 08:27:00,1643,-1329,0,0,1440,254,1218.15
10/06/2018 08:28:00,1645,-1328,0,0,1440,254,1222.09
10/06/2018 08:29:00,1646,102,0,0,1440,254,1160.99
10/06/2018 08:30:00,1652,-29,0,0,1440,254,1102.94
10/06/2018 08:31:00,1649,-1359,0,0,1440,254,1165.36
10/06/2018 08:32:00,1679,-1389,0,0,1440,254,1214.82
10/06/2018 08:33:00,1706,-1396,0,0,1440,254,1247.29
10/06/2018 08:34:00,1690,1671,0,0,1440,254,1184.93
10/06/2018 08:35:00,1707,1648,0,0,1440,254,1125.68
10/06/2018 08:36:00,1677,-1436,0,0,1440,254,1209.81
10/06/2018 08:37:00,1621,-1382,0,0,1440,254,1238.68
10/06/2018 08:38:00,1556,-1285,0,0,1440,254,1236
10/06/2018 08:39:00,1610,-1369,0,0,1440,254,1249.2
10/06/2018 08:40:00,1623,-1392,0,0,1440,254,1266.32
10/06/2018 08:41:00,1603,-1344,0,0,1440,254,1265.2
10/06/2018 08:42:00,1589,-1345,0,0,1440,254,1264.19
10/06/2018 08:43:00,1549,-1316,0,0,1440,254,1261.78
10/06/2018 08:44:00,1576,-1325,0,0,1440,254,1259.95
10/06/2018 08:45:00,1615,-1361,0,0,1440,254,1260.37
10/06/2018 08:46:00,1639,-1399,0,0,1440,254,1275.82
10/06/2018 08:47:00,1666,-1353,0,0,1440,254,1274.68
10/06/2018 08:48:00,1666,-1374,0,0,1440,254,1274.65
10/06/2018 08:49:00,1628,-1375,0,0,1440,254,1274.79
10/06/2018 08:50:00,1669,-1424,0,0,1440,254,1294.47
10/06/2018 08:51:00,1704,-1427,0,0,1440,254,1307.48
10/06/2018 08:52:00,1656,-1359,0,0,1440,254,1305.06
10/06/2018 08:53:00,1606,-1310,0,0,1440,254,1300.31
10/06/2018 08:54:00,1614,-1279,0,0,1440,254,1294.24
10/06/2018 08:55:00,1573,-1313,0,0,1440,254,1290.18
10/06/2018 08:56:00,1635,-1407,0,0,1440,254,1296.91
10/06/2018 08:57:00,1748,-1498,0,0,1440,254,1337.34
10/06/2018 08:58:00,1738,-1492,0,0,1440,254,1359.21
10/06/2018 08:59:00,1575,-1346,0,0,1440,254,1353.55
10/06/2018 09:00:00,1321,-1092,0,0,1440,254,1335.47
10/06/2018 09:01:00,1424,-1244,0,0,1440,254,1325.9
10/06/2018 09:02:00,1482,-1313,0,0,1440,254,1320.25
10/06/2018 09:03:00,1712,-1509,0,0,1440,254,1355.75
10/06/2018 09:04:00,1828,-1661,0,0,1440,254,1437.85
10/06/2018 09:05:00,1886,-1706,6,1440,1440,3,1505.11
10/06/2018 09:06:00,1866,-1724,6,1440,1440,3,1552.67
10/06/2018 09:07:00,1873,-1695,6,1440,1440,3,1569.6
10/06/2018 09:08:00,1885,-1696,6,1440,1440,3,1580.16
10/06/2018 09:09:00,1902,-1698,6,1440,1440,3,1587.3
10/06/2018 09:10:00,1837,-1666,6,1440,1440,3,1586.23
10/06/2018 09:11:00,1837,-1711,6,1440,1440,3,1596.14
10/06/2018 09:12:00,1849,-1693,6,1440,1440,3,1595.98
10/06/2018 09:13:00,1844,-1658,6,1440,1440,3,1594.08
10/06/2018 09:14:00,1897,-1713,6,1440,1440,3,1601.65
10/06/2018 09:15:00,1891,-1738,6,1440,1440,3,1616.19
10/06/2018 09:16:00,1895,-1639,6,1440,1440,3,1612.33
10/06/2018 09:17:00,1890,-1679,6,1440,1440,3,1610.66
10/06/2018 09:18:00,1927,-1662,6,1440,1440,3,1608.23
10/06/2018 09:19:00,1860,-1661,6,1440,1440,3,1605.87
10/06/2018 09:20:00,1894,-1659,6,1440,1440,3,1603.53
10/06/2018 09:21:00,1937,-1712,6,1440,1440,3,1606.92
10/06/2018 09:22:00,1946,-1720,6,1440,1440,3,1612.15
10/06/2018 09:23:00,1954,-1721,6,1440,1440,3,1615.69
10/06/2018 09:24:00,1886,-1663,6,1440,1440,3,1613.06
10/06/2018 09:25:00,1757,-1527,6,1440,1440,3,1603.75
10/06/2018 09:26:00,1328,-1069,6,1440,1440,3,1572.01
10/06/2018 09:27:00,1071,-828,6,1440,1440,3,1529.81
10/06/2018 09:28:00,1158,-947,6,1440,1440,3,1495.67
10/06/2018 09:29:00,1343,-1185,6,1440,1440,3,1475.14
10/06/2018 09:30:00,1639,-1472,6,1440,1440,3,1469.98
10/06/2018 09:31:00,1795,-1638,6,1440,1440,3,1497.19
10/06/2018 09:32:00,1709,-1541,6,1440,1440,3,1494.38
10/06/2018 09:33:00,1904,-1742,6,1440,1440,3,1553.43
10/06/2018 09:34:00,1930,-1711,6,1440,1440,3,1576.46
10/06/2018 09:35:00,1945,-1721,6,1440,1440,3,1594.27
10/06/2018 09:36:00,1928,-1685,6,1440,1440,3,1593.81
10/06/2018 09:37:00,1931,-1682,6,1440,1440,3,1593.22
10/06/2018 09:38:00,1895,-1655,6,1440,1440,3,1591.31
10/06/2018 09:39:00,1918,-1729,6,1440,1440,3,1606.39
10/06/2018 09:40:00,1960,-1791,7,1680,1440,3,1640.23
10/06/2018 09:41:00,2013,-1829,7,1680,1440,3,1675.74
10/06/2018 09:42:00,1974,-1806,7,1680,1440,3,1687.84
10/06/2018 09:43:00,1982,-1834,7,1680,1440,3,1706.31
10/06/2018 09:44:00,2004,-1838,7,1680,1440,3,1718.98
10/06/2018 09:45:00,2020,-1859,7,1680,1440,3,1734.99
10/06/2018 09:46:00,2030,-1880,7,1680,1440,3,1752.99
10/06/2018 09:47:00,2041,-1882,7,1680,1440,3,1764.6
10/06/2018 09:48:00,2038,-1881,7,1680,1440,3,1771.16
10/06/2018 09:49:00,1920,-1784,7,1680,1440,3,1766.8
10/06/2018 09:50:00,1964,-1784,7,1680,1440,3,1762.66
10/06/2018 09:51:00,2004,-1828,7,1680,1440,3,1760.93
10/06/2018 09:52:00,2038,-1864,7,1680,1440,3,1762.16
10/06/2018 09:53:00,1990,-1844,7,1680,1440,3,1761.25
10/06/2018 09:54:00,2019,-1857,7,1680,1440,3,1761.04
10/06/2018 09:55:00,1970,-1827,7,1680,1440,3,1759.33
10/06/2018 09:56:00,1959,-1815,7,1680,1440,3,1757.12
10/06/2018 09:57:00,1837,-1688,6,1440,1440,3,1748.66
10/06/2018 09:58:00,1890,-1758,6,1440,1440,3,1744.13
10/06/2018 09:59:00,1985,-1832,7,1680,1440,3,1743.52
10/06/2018 10:00:00,2056,-1869,7,1680,1440,3,1753.71
10/06/2018 10:01:00,2058,-1814,7,1680,1440,3,1751.73
10/06/2018 10:02:00,1996,-1859,7,1680,1440,3,1754.64
10/06/2018 10:03:00,1961,-1819,7,1680,1440,3,1752.85
10/06/2018 10:04:00,1950,-1789,7,1680,1440,3,1749.66
10/06/2018 10:05:00,1884,-1676,6,1440,1440,3,1740.98
10/06/2018 10:06:00,1885,-1655,6,1440,1440,3,1731.68
10/06/2018 10:07:00,1940,-1693,6,1440,1440,3,1724.75
10/06/2018 10:08:00,1999,-1773,6,1440,1440,3,1722.16
10/06/2018 10:09:00,2098,-1878,7,1680,1440,3,1744.5
10/06/2018 10:10:00,2060,-1858,7,1680,1440,3,1749.9
10/06/2018 10:12:00,2074,-1905,7,1680,1440,3,1771.94
10/06/2018 10:13:00,1991,-1840,7,1680,1440,3,1770.34
10/06/2018 10:14:00,2035,-1817,7,1680,1440,3,1767.67
10/06/2018 10:15:00,2116,-1841,7,1680,1440,3,1766.34
10/06/2018 10:16:00,2063,-1850,7,1680,1440,3,1765.52
10/06/2018 10:17:00,2090,-1873,7,1680,1440,3,1768.51
10/06/2018 10:18:00,2054,-1817,7,1680,1440,3,1765.94
10/06/2018 10:19:00,1979,-1753,6,1440,1440,3,1760.29
10/06/2018 10:20:00,2063,-1850,7,1680,1440,3,1759.78
10/06/2018 10:21:00,2059,-1811,7,1680,1440,3,1757.34
10/06/2018 10:22:00,2040,-1817,7,1680,1440,3,1755.32
10/06/2018 10:23:00,2055,-1844,7,1680,1440,3,1754.76
10/06/2018 10:24:00,716,-465,6,1440,1440,3,1685.27
10/06/2018 10:25:00,1089,-830,6,1440,1440,3,1637.5
10/06/2018 10:26:00,1308,-1066,6,1440,1440,3,1603.93
10/06/2018 10:27:00,2260,-2110,8,1920,1440,3,1766.36
10/06/2018 10:28:00,2347,-2172,8,1920,1440,3,1888.61
10/06/2018 10:29:00,2231,-2082,8,1920,1440,3,1925.97
10/06/2018 10:30:00,2334,-2144,8,1920,1440,3,1973.18
10/06/2018 10:31:00,2284,-2146,8,1920,1440,3,2002.31
10/06/2018 10:32:00,2152,-1998,7,1680,1440,3,1997.09
10/06/2018 10:33:00,2131,-632,6,1440,1440,3,1923.84
10/06/2018 10:34:00,2160,-461,6,1440,1440,3,1845.7
10/06/2018 10:35:00,2208,-1574,6,1440,1440,3,1827.11
10/06/2018 10:36:00,2270,-1913,7,1680,1440,3,1826.41
10/06/2018 10:37:00,2313,59,6,1440,1440,3,1735.09
10/06/2018 10:38:00,2257,3071,6,1440,1440,3,1648.33
10/06/2018 10:39:00,2172,5075,6,1440,1440,3,1565.92
10/06/2018 10:40:00,2172,2118,6,1440,1440,3,1487.62
10/06/2018 10:41:00,2157,4826,0,0,1440,254,1413.24
10/06/2018 10:42:00,2318,1855,0,0,1440,254,1342.58
10/06/2018 10:43:00,2225,274,0,0,1440,254,1275.45
10/06/2018 10:44:00,2205,223,0,0,1440,254,1211.68
10/06/2018 10:45:00,2272,209,0,0,1440,254,1151.09
10/06/2018 10:46:00,2282,32,0,0,1440,254,1093.54
10/06/2018 10:47:00,2244,233,0,0,1440,254,1038.86
10/06/2018 10:48:00,2206,-1843,0,0,1440,254,1320.52
10/06/2018 10:49:00,2196,-1831,7,1680,1440,3,1484.71
10/06/2018 10:50:00,2232,-2051,8,1920,1440,3,1671.23
10/06/2018 10:51:00,2180,290,6,1440,1440,3,1587.66
10/06/2018 10:52:00,2219,-1881,7,1680,1440,3,1665
10/06/2018 10:53:00,2208,-1836,7,1680,1440,3,1693.4
10/06/2018 10:54:00,2214,-1865,7,1680,1440,3,1722.04
10/06/2018 10:55:00,2212,-1849,7,1680,1440,3,1732.82
10/06/2018 10:56:00,2294,-1969,7,1680,1440,3,1787.29
10/06/2018 10:57:00,2317,-2183,8,1920,1440,3,1905.58
10/06/2018 10:58:00,2269,-2035,8,1920,1440,3,1917.35
10/06/2018 10:59:00,2279,-1885,7,1680,1440,3,1910.73
10/06/2018 11:00:00,2231,-1889,7,1680,1440,3,1904.64
10/06/2018 11:01:00,2207,-1832,7,1680,1440,3,1896.01
10/06/2018 11:02:00,2172,-1993,7,1680,1440,3,1895.86
10/06/2018 11:03:00,2210,-1828,7,1680,1440,3,1887.47
10/06/2018 11:04:00,2268,-2073,8,1920,1440,3,1921.68
10/06/2018 11:05:00,2236,-1917,7,1680,1440,3,1916.45
10/06/2018 11:06:00,2234,-1972,7,1680,1440,3,1914.22
10/06/2018 11:07:00,2263,-2081,8,1920,1440,3,1940.93
10/06/2018 11:08:00,2170,-1858,7,1680,1440,3,1931.79
10/06/2018 11:09:00,2231,-2001,7,1680,1440,3,1930.25
10/06/2018 11:10:00,2268,-1650,6,1440,1440,3,1911.24
10/06/2018 11:11:00,2272,-1623,6,1440,1440,3,1891.82
10/06/2018 11:12:00,2282,-2024,8,1920,1440,3,1904.69
10/06/2018 11:13:00,2294,-1750,6,1440,1440,3,1891.96
10/06/2018 11:14:00,2275,-1684,6,1440,1440,3,1876.56
10/06/2018 11:15:00,2295,-1878,7,1680,1440,3,1871.63
10/06/2018 11:16:00,2251,-1860,7,1680,1440,3,1866.05
10/06/2018 11:17:00,2282,-1917,7,1680,1440,3,1863.6
10/06/2018 11:18:00,2287,-1871,7,1680,1440,3,1858.97
10/06/2018 11:19:00,2284,-2025,8,1920,1440,3,1885.38
10/06/2018 11:20:00,2258,-2060,8,1920,1440,3,1915.23
10/06/2018 11:21:00,2259,-2017,7,1680,1440,3,1915.94
10/06/2018 11:22:00,2317,-1744,6,1440,1440,3,1902.34
10/06/2018 11:23:00,2278,-2115,8,1920,1440,3,1947.4
10/06/2018 11:24:00,2293,-2101,8,1920,1440,3,1968.84
10/06/2018 11:25:00,2348,-2148,8,1920,1440,3,2000.51
10/06/2018 11:26:00,2322,-1801,7,1680,1440,3,1985.53
10/06/2018 11:27:00,2293,-1978,7,1680,1440,3,1980.15
10/06/2018 11:28:00,2314,-2031,8,1920,1440,3,1977.7
10/06/2018 11:29:00,2298,-2090,8,1920,1440,3,1982.62
10/06/2018 11:30:00,2274,-1850,7,1680,1440,3,1970.99
10/06/2018 11:31:00,2201,-1948,7,1680,1440,3,1964.84
10/06/2018 11:32:00,2226,-1999,7,1680,1440,3,1961.55
10/06/2018 11:33:00,2254,-1849,7,1680,1440,3,1950.92
10/06/2018 11:34:00,2202,-1832,7,1680,1440,3,1939.97
10/06/2018 11:35:00,2240,-1683,6,1440,1440,3,1922.12
10/06/2018 11:36:00,2247,-2062,8,1920,1440,3,1938.07
10/06/2018 11:37:00,2240,-2057,8,1920,1440,3,1945.64
10/06/2018 11:38:00,2152,-2014,7,1680,1440,3,1944.06
10/06/2018 11:39:00,2206,-2015,7,1680,1440,3,1942.61
10/06/2018 11:40:00,2208,-2032,8,1920,1440,3,1942.08
10/06/2018 11:41:00,2034,-1362,6,1440,1440,3,1908.07
10/06/2018 11:42:00,2052,-1592,6,1440,1440,3,1887.27
10/06/2018 11:43:00,1991,-1523,6,1440,1440,3,1864.06
10/06/2018 11:44:00,2126,-1503,6,1440,1440,3,1841
10/06/2018 11:45:00,2199,-1711,6,1440,1440,3,1829.5
10/06/2018 11:46:00,2245,-1786,7,1680,1440,3,1822.33
10/06/2018 11:47:00,2214,-2088,8,1920,1440,3,1888.6
10/06/2018 11:48:00,2192,-2011,7,1680,1440,3,1897.56
10/06/2018 11:49:00,2184,-2000,7,1680,1440,3,1898.54
10/06/2018 11:50:00,2119,-1944,7,1680,1440,3,1895.81
10/06/2018 11:51:00,2216,-2025,8,1920,1440,3,1907.49
10/06/2018 11:52:00,2220,-2040,8,1920,1440,3,1920.49
10/06/2018 11:53:00,2186,-1995,7,1680,1440,3,1919.22
10/06/2018 11:54:00,2233,-2070,8,1920,1440,3,1939.53
10/06/2018 11:55:00,2273,-2116,8,1920,1440,3,1970.12
10/06/2018 11:56:00,2305,-2107,8,1920,1440,3,1984.87
10/06/2018 11:57:00,2288,-2093,8,1920,1440,3,1988.12
10/06/2018 11:58:00,2347,-2150,8,1920,1440,3,2012.87
10/06/2018 11:59:00,2316,-2139,8,1920,1440,3,2023.32
10/06/2018 12:00:00,2288,-2123,8,1920,1440,3,2023.31
10/06/2018 12:01:00,2333,-2109,8,1920,1440,3,2022.59
10/06/2018 12:02:00,2220,-1937,7,1680,1440,3,2013.31
10/06/2018 12:03:00,2154,-1888,7,1680,1440,3,2002.05
10/06/2018 12:04:00,2110,-1858,7,1680,1440,3,1989.84
10/06/2018 12:05:00,2118,-1839,7,1680,1440,3,1977.3
10/06/2018 12:06:00,2146,-1906,7,1680,1440,3,1968.74
10/06/2018 12:07:00,2229,-1998,7,1680,1440,3,1965.2
10/06/2018 12:08:00,2239,-1965,7,1680,1440,3,1960.19
10/06/2018 12:09:00,2278,-2005,7,1680,1440,3,1957.43
10/06/2018 12:10:00,2094,-1845,7,1680,1440,3,1946.81
10/06/2018 12:11:00,2191,-1912,7,1680,1440,3,1940.07
10/06/2018 12:12:00,2166,-1908,7,1680,1440,3,1933.47
10/06/2018 12:13:00,2262,-1968,7,1680,1440,3,1930.19
10/06/2018 12:14:00,2205,-1945,7,1680,1440,3,1925.93
10/06/2018 12:15:00,2208,-1974,7,1680,1440,3,1923.34
10/06/2018 12:16:00,2212,-1997,7,1680,1440,3,1922.02
10/06/2018 12:17:00,2156,-2004,7,1680,1440,3,1921.12
10/06/2018 12:18:00,2211,-2021,8,1920,1440,3,1921.11
10/06/2018 12:19:00,2201,-2029,8,1920,1440,3,1924.27
10/06/2018 12:20:00,2165,-1970,7,1680,1440,3,1921.55
10/06/2018 12:21:00,2180,-2032,8,1920,1440,3,1925.73
10/06/2018 12:22:00,2205,-2015,7,1680,1440,3,1925.2
10/06/2018 12:23:00,2203,-2039,8,1920,1440,3,1930.72
10/06/2018 12:24:00,2169,-2013,7,1680,1440,3,1929.83
10/06/2018 12:25:00,2137,-1964,7,1680,1440,3,1926.54
10/06/2018 12:26:00,2335,-2131,8,1920,1440,3,1968.32
10/06/2018 12:27:00,2349,-2184,8,1920,1440,3,2014.59
10/06/2018 12:28:00,2354,-2178,8,1920,1440,3,2039.96
10/06/2018 12:29:00,2335,-2137,8,1920,1440,3,2039.81
10/06/2018 12:30:00,2314,-2112,8,1920,1440,3,2038.42
10/06/2018 12:31:00,1736,-1542,6,1440,1440,3,2008.6
10/06/2018 12:32:00,1263,-1071,6,1440,1440,3,1956.72
10/06/2018 12:33:00,1207,-998,6,1440,1440,3,1903.78
10/06/2018 12:34:00,1890,-1685,6,1440,1440,3,1887.84
10/06/2018 12:35:00,2206,-2029,8,1920,1440,3,1904.31
10/06/2018 12:36:00,2116,-1919,7,1680,1440,3,1900.04
10/06/2018 12:37:00,2174,-1968,7,1680,1440,3,1898.44
10/06/2018 12:38:00,2312,-2095,8,1920,1440,3,1937.06
10/06/2018 12:39:00,2324,-2186,8,1920,1440,3,1996.64
10/06/2018 12:40:00,2326,-2142,8,1920,1440,3,2014.78
10/06/2018 12:41:00,2299,-2149,8,1920,1440,3,2028.47
10/06/2018 12:42:00,2246,-2059,8,1920,1440,3,2025
10/06/2018 12:44:00,2204,-2063,8,1920,1440,3,2021.9
10/06/2018 12:45:00,2165,-1983,7,1680,1440,3,2014.95
10/06/2018 12:46:00,2088,-1933,7,1680,1440,3,2005.85
10/06/2018 12:47:00,2182,-2015,7,1680,1440,3,2001.31
10/06/2018 12:48:00,2053,-1828,7,1680,1440,3,1987.65
10/06/2018 12:49:00,1279,-1062,6,1440,1440,3,1936.36
10/06/2018 12:50:00,845,-649,6,1440,1440,3,1867
10/06/2018 12:51:00,849,-657,6,1440,1440,3,1801.5
10/06/2018 12:52:00,904,-582,6,1440,1440,3,1735.52
10/06/2018 12:53:00,959,-686,6,1440,1440,3,1678.04
10/06/2018 12:54:00,1181,-920,6,1440,1440,3,1635.14
10/06/2018 12:55:00,1064,-828,6,1440,1440,3,1589.79
10/06/2018 12:56:00,1226,-973,6,1440,1440,3,1553.95
10/06/2018 12:57:00,1116,-856,6,1440,1440,3,1514.05
10/06/2018 12:58:00,898,-653,6,1440,1440,3,1466
10/06/2018 12:59:00,868,-613,0,0,1440,254,1418.35
10/06/2018 13:00:00,856,-606,0,0,1440,254,1372.73
10/06/2018 13:01:00,816,-563,0,0,1440,254,1327.24
10/06/2018 13:02:00,741,-481,0,0,1440,254,1279.93
10/06/2018 13:03:00,702,-453,0,0,1440,254,1233.58
10/06/2018 13:04:00,750,-495,0,0,1440,254,1191.65
10/06/2018 13:05:00,887,-638,0,0,1440,254,1158.97
10/06/2018 13:06:00,1040,-792,0,0,1440,254,1135.62
10/06/2018 13:07:00,1835,-1575,0,0,1440,254,1271.37
10/06/2018 13:08:00,2101,-1779,0,0,1440,254,1434.42
10/06/2018 13:09:00,2068,-1787,7,1680,1440,3,1535.45
10/06/2018 13:10:00,1904,-1596,6,1440,1440,3,1533.48
10/06/2018 13:11:00,1807,-1515,6,1440,1440,3,1527.56
10/06/2018 13:12:00,1639,-1308,6,1440,1440,3,1511.58
10/06/2018 13:13:00,1525,-1196,6,1440,1440,3,1490.8
10/06/2018 13:14:00,1599,-1312,6,1440,1440,3,1476.86
10/06/2018 13:15:00,1851,-1608,6,1440,1440,3,1489.32
10/06/2018 13:16:00,1899,-1687,6,1440,1440,3,1528.39
10/06/2018 13:17:00,1846,-1647,6,1440,1440,3,1535.83
10/06/2018 13:18:00,1807,-1555,6,1440,1440,3,1531.79
10/06/2018 13:19:00,1710,-1468,6,1440,1440,3,1523.6
10/06/2018 13:20:00,1670,-1435,6,1440,1440,3,1514.17
10/06/2018 13:21:00,1636,-1381,6,1440,1440,3,1502.51
10/06/2018 13:22:00,1639,-1381,6,1440,1440,3,1491.44
10/06/2018 13:23:00,1577,-1408,6,1440,1440,3,1482.27
10/06/2018 13:24:00,1622,-1453,6,1440,1440,3,1475.8
10/06/2018 13:25:00,1726,-1562,6,1440,1440,3,1475.11
10/06/2018 13:26:00,1807,-1627,6,1440,1440,3,1495.87
10/06/2018 13:27:00,1831,-1694,6,1440,1440,3,1535.12
10/06/2018 13:28:00,1912,-1737,6,1440,1440,3,1575.87
10/06/2018 13:29:00,1880,-1709,6,1440,1440,3,1589.12
10/06/2018 13:30:00,1798,-1663,6,1440,1440,3,1587.82
10/06/2018 13:31:00,1736,-1586,6,1440,1440,3,1582.73
10/06/2018 13:32:00,1758,-1630,6,1440,1440,3,1580.09
10/06/2018 13:33:00,1769,-1629,6,1440,1440,3,1577.54
10/06/2018 13:34:00,956,-790,6,1440,1440,3,1533.16
10/06/2018 13:35:00,941,-760,6,1440,1440,3,1489.5
10/06/2018 13:36:00,1932,-1759,6,1440,1440,3,1557.3
10/06/2018 13:37:00,1909,-1756,6,1440,1440,3,1596.78
10/06/2018 13:38:00,1952,-1828,7,1680,1440,3,1649.27
10/06/2018 13:39:00,1865,-1732,6,1440,1440,3,1648.4
10/06/2018 13:40:00,1717,-1592,6,1440,1440,3,1640.58
10/06/2018 13:41:00,1607,-1485,6,1440,1440,3,1627.81
10/06/2018 13:42:00,1393,-1243,6,1440,1440,3,1603.57
10/06/2018 13:43:00,1407,-1247,6,1440,1440,3,1580.74
10/06/2018 13:44:00,1532,-1372,6,1440,1440,3,1565.3
10/06/2018 13:45:00,1827,-1641,6,1440,1440,3,1564.08
10/06/2018 13:46:00,1813,-1608,6,1440,1440,3,1561.28
10/06/2018 13:47:00,2072,-1906,7,1680,1440,3,1659.17
10/06/2018 13:48:00,2024,-1858,7,1680,1440,3,1698.7
10/06/2018 13:49:00,2099,-1913,7,1680,1440,3,1744.42
10/06/2018 13:50:00,1896,-1749,6,1440,1440,3,1739.65
10/06/2018 13:51:00,2013,-1789,7,1680,1440,3,1737.12
10/06/2018 13:52:00,2122,-1980,7,1680,1440,3,1794.27
10/06/2018 13:53:00,2130,-1955,7,1680,1440,3,1818.56
10/06/2018 13:54:00,2099,-1941,7,1680,1440,3,1827.54
10/06/2018 13:55:00,2001,-1850,7,1680,1440,3,1823.66
10/06/2018 13:56:00,2044,-1802,7,1680,1440,3,1817.58
10/06/2018 13:57:00,2056,-1818,7,1680,1440,3,1812.6
10/06/2018 13:58:00,2037,-1770,6,1440,1440,3,1805.47
10/06/2018 13:59:00,2031,-1754,6,1440,1440,3,1797.9
10/06/2018 14:00:00,2005,-1765,6,1440,1440,3,1791.25
10/06/2018 14:01:00,1998,-1757,6,1440,1440,3,1784.54
10/06/2018 14:02:00,2020,-1791,7,1680,1440,3,1779.86
10/06/2018 14:03:00,2043,-1787,7,1680,1440,3,1775.22
10/06/2018 14:04:00,2038,-1798,7,1680,1440,3,1771.36
10/06/2018 14:05:00,2024,-1775,6,1440,1440,3,1766.54
10/06/2018 14:06:00,1996,-1754,6,1440,1440,3,1760.91
10/06/2018 14:07:00,1911,-1684,6,1440,1440,3,1752.07
10/06/2018 14:08:00,2001,-1761,6,1440,1440,3,1747.51
10/06/2018 14:09:00,1868,-1619,6,1440,1440,3,1736.09
10/06/2018 14:10:00,1918,-1677,6,1440,1440,3,1728.13
10/06/2018 14:11:00,1978,-1821,7,1680,1440,3,1727.78
10/06/2018 14:12:00,1936,-1759,6,1440,1440,3,1724.34
10/06/2018 14:13:00,1923,-1765,6,1440,1440,3,1721.37
10/06/2018 14:14:00,2014,-1840,7,1680,1440,3,1728.82
10/06/2018 14:15:00,2051,-1888,7,1680,1440,3,1752.49
10/06/2018 14:16:00,1543,-1346,6,1440,1440,3,1727.17
10/06/2018 14:17:00,2056,-1896,7,1680,1440,3,1754.7
10/06/2018 14:18:00,2074,-1899,7,1680,1440,3,1772.42
10/06/2018 14:19:00,2089,-1911,7,1680,1440,3,1787.85
10/06/2018 14:20:00,1351,-1194,6,1440,1440,3,1753.16
10/06/2018 14:21:00,1144,-991,6,1440,1440,3,1710.05
10/06/2018 14:22:00,940,-758,6,1440,1440,3,1657.45
10/06/2018 14:23:00,739,-570,6,1440,1440,3,1598.08
10/06/2018 14:24:00,762,-575,6,1440,1440,3,1541.92
10/06/2018 14:25:00,780,-593,6,1440,1440,3,1489.48
10/06/2018 14:26:00,858,-665,6,1440,1440,3,1443.25
10/06/2018 14:27:00,897,-723,0,0,1440,254,1402.24
10/06/2018 14:28:00,987,-813,0,0,1440,254,1367.78
10/06/2018 14:29:00,2107,-1955,7,1680,1440,3,1562.67
10/06/2018 14:30:00,2124,-1919,7,1680,1440,3,1665.2
10/06/2018 14:31:00,889,-694,6,1440,1440,3,1611.64
10/06/2018 14:32:00,2111,-1918,7,1680,1440,3,1694.18
10/06/2018 14:33:00,2046,-1879,7,1680,1440,3,1728.11
10/06/2018 14:34:00,866,2383,6,1440,1440,3,1641.7
10/06/2018 14:35:00,787,2481,6,1440,1440,3,1559.62
10/06/2018 14:36:00,756,-552,6,1440,1440,3,1504.24
10/06/2018 14:37:00,762,-558,6,1440,1440,3,1451.93
10/06/2018 14:38:00,792,-601,6,1440,1440,3,1404.38
10/06/2018 14:39:00,1918,-1767,6,1440,1440,3,1509.43
10/06/2018 14:40:00,1897,-1734,6,1440,1440,3,1559.26
10/06/2018 14:41:00,1922,-1774,6,1440,1440,3,1605.15
10/06/2018 14:42:00,1909,-1720,6,1440,1440,3,1611.09
10/06/2018 14:43:00,723,-548,6,1440,1440,3,1552.94
10/06/2018 14:44:00,681,-492,6,1440,1440,3,1494.89
10/06/2018 14:45:00,617,-444,0,0,1440,254,1437.35
10/06/2018 14:46:00,576,-414,0,0,1440,254,1381.18
10/06/2018 14:47:00,569,-387,0,0,1440,254,1326.47
10/06/2018 14:49:00,534,-277,0,0,1440,254,1269
10/06/2018 14:50:00,562,-288,0,0,1440,254,1214.95
10/06/2018 14:51:00,566,-268,0,0,1440,254,1162.6
10/06/2018 14:52:00,544,-313,0,0,1440,254,1115.12
10/06/2018 14:53:00,585,-312,0,0,1440,254,1069.96
10/06/2018 14:54:00,607,-324,0,0,1440,254,1027.67
10/06/2018 14:55:00,601,-351,0,0,1440,254,988.832
10/06/2018 14:56:00,589,-337,0,0,1440,254,951.24
10/06/2018 14:57:00,615,-354,0,0,1440,254,916.378
10/06/2018 14:58:00,657,-386,0,0,1440,254,884.86
10/06/2018 14:59:00,707,-463,0,0,1440,254,858.767
10/06/2018 15:00:00,787,-514,0,0,1440,254,836.528
10/06/2018 15:01:00,846,-581,0,0,1440,254,818.752
10/06/2018 15:02:00,922,-759,0,0,1440,254,810.764
10/06/2018 15:03:00,1028,-856,0,0,1440,254,808.026
10/06/2018 15:04:00,1238,-1080,0,0,1440,254,876.816
10/06/2018 15:05:00,2095,-1893,0,0,1440,254,1243.29
10/06/2018 15:06:00,1877,-1694,0,0,1440,254,1383.57
10/06/2018 15:07:00,1979,-1762,6,1440,1440,3,1494.94
10/06/2018 15:08:00,1030,-832,6,1440,1440,3,1456.8
10/06/2018 15:09:00,886,-657,6,1440,1440,3,1411.81
10/06/2018 15:10:00,1599,-1373,6,1440,1440,3,1404.87
10/06/2018 15:11:00,808,-641,6,1440,1440,3,1361.67
10/06/2018 15:12:00,825,-628,6,1440,1440,3,1319.99
10/06/2018 15:13:00,792,-612,6,1440,1440,3,1279.59
10/06/2018 15:14:00,801,-611,6,1440,1440,3,1241.16
10/06/2018 15:15:00,786,-608,6,1440,1440,3,1204.5
10/06/2018 15:16:00,779,-608,6,1440,1440,3,1169.68
10/06/2018 15:17:00,800,-624,6,1440,1440,3,1137.39
10/06/2018 15:18:00,1369,-1242,0,0,1440,254,1139.24
10/06/2018 15:19:00,1755,-1552,0,0,1440,254,1264.34
10/06/2018 15:20:00,1735,-1534,0,0,1440,254,1332.21
10/06/2018 15:21:00,1144,-934,0,0,1440,254,1307.29
10/06/2018 15:22:00,1504,-1352,0,0,1440,254,1304.53
10/06/2018 15:23:00,837,-625,0,0,1440,254,1265.55
10/06/2018 15:24:00,1244,-1039,0,0,1440,254,1249.23
10/06/2018 15:25:00,877,-740,0,0,1440,254,1218.76
10/06/2018 15:26:00,496,-294,0,0,1440,254,1167.53
10/06/2018 15:27:00,468,-275,0,0,1440,254,1117.9
10/06/2018 15:28:00,473,-280,0,0,1440,254,1071.01
10/06/2018 15:29:00,469,-269,0,0,1440,254,1025.9
10/06/2018 15:30:00,474,-298,0,0,1440,254,984.51
10/06/2018 15:31:00,509,-331,0,0,1440,254,946.834
10/06/2018 15:32:00,527,-354,0,0,1440,254,912.192
10/06/2018 15:33:00,554,-366,0,0,1440,254,879.883
10/06/2018 15:34:00,539,-368,0,0,1440,254,849.289
10/06/2018 15:35:00,540,-356,0,0,1440,254,819.624
10/06/2018 15:36:00,556,-338,0,0,1440,254,790.543
10/06/2018 15:37:00,575,-395,0,0,1440,254,765.766
10/06/2018 15:38:00,576,-419,0,0,1440,254,743.428
10/06/2018 15:39:00,600,-416,0,0,1440,254,722.056
10/06/2018 15:40:00,625,-447,0,0,1440,254,703.303
10/06/2018 15:41:00,643,-382,0,0,1440,254,682.238
10/06/2018 15:42:00,641,-400,0,0,1440,254,663.126
10/06/2018 15:43:00,761,-497,0,0,1440,254,649.82
10/06/2018 15:44:00,1077,-816,0,0,1440,254,676.292
10/06/2018 15:45:00,769,-506,0,0,1440,254,662.777
10/06/2018 15:46:00,809,-545,0,0,1440,254,651.889
10/06/2018 15:47:00,879,-623,0,0,1440,254,645.444
10/06/2018 15:48:00,1083,-849,0,0,1440,254,686.866
10/06/2018 15:49:00,1560,-1343,0,0,1440,254,909.32
10/06/2018 15:50:00,1533,-1277,0,0,1440,254,1016.39
10/06/2018 15:51:00,1056,-804,0,0,1440,254,1000.77
10/06/2018 15:52:00,1561,-1300,0,0,1440,254,1080.46
10/06/2018 15:53:00,1504,-1257,0,0,1440,254,1111.08
10/06/2018 15:54:00,1488,-1246,0,0,1440,254,1125.05
10/06/2018 15:55:00,1223,-977,0,0,1440,254,1112.64
10/06/2018 15:56:00,1344,-1169,0,0,1440,254,1110.46
10/06/2018 15:57:00,1429,-1259,0,0,1440,254,1129.88
10/06/2018 15:58:00,994,-815,0,0,1440,254,1109.13
10/06/2018 15:59:00,1202,-1034,0,0,1440,254,1100.38
10/06/2018 16:00:00,918,-747,0,0,1440,254,1077.71
10/06/2018 16:01:00,862,-688,0,0,1440,254,1053.22
10/06/2018 16:02:00,826,-657,0,0,1440,254,1028.41
10/06/2018 16:03:00,1120,-941,0,0,1440,254,1019.04
10/06/2018 16:04:00,1102,-945,0,0,1440,254,1010.34
10/06/2018 16:05:00,1181,-998,0,0,1440,254,1004.72
10/06/2018 16:06:00,1003,-792,0,0,1440,254,989.086
10/06/2018 16:07:00,1086,-871,0,0,1440,254,978.182
10/06/2018 16:08:00,1022,-813,0,0,1440,254,964.922
10/06/2018 16:09:00,1031,-819,0,0,1440,254,952.626
10/06/2018 16:10:00,1137,-938,0,0,1440,254,946.895
10/06/2018 16:11:00,1113,-899,0,0,1440,254,939.5
10/06/2018 16:12:00,1145,-936,0,0,1440,254,934.325
10/06/2018 16:13:00,1037,-835,0,0,1440,254,924.359
10/06/2018 16:14:00,1069,-868,0,0,1440,254,916.541
10/06/2018 16:15:00,958,-756,0,0,1440,254,903.514
10/06/2018 16:16:00,773,-557,0,0,1440,254,881.188
10/06/2018 16:17:00,985,-808,0,0,1440,254,872.529
10/06/2018 16:18:00,1059,-878,0,0,1440,254,867.802
10/06/2018 16:19:00,1094,-902,0,0,1440,254,864.512
10/06/2018 16:20:00,1034,-868,0,0,1440,254,859.687
10/06/2018 16:21:00,1000,-815,0,0,1440,254,852.452
10/06/2018 16:22:00,1004,-811,0,0,1440,254,845.38
10/06/2018 16:23:00,1041,-859,0,0,1440,254,841.061
10/06/2018 16:24:00,1056,-916,0,0,1440,254,839.808
10/06/2018 16:25:00,1059,-890,0,0,1440,254,837.317
10/06/2018 16:26:00,1077,-910,0,0,1440,254,835.951
10/06/2018 16:27:00,1087,-926,0,0,1440,254,835.454
10/06/2018 16:28:00,1102,-945,0,0,1440,254,839.272
10/06/2018 16:29:00,1075,-926,0,0,1440,254,838.609
10/06/2018 16:30:00,1070,-913,0,0,1440,254,837.328
10/06/2018 16:31:00,1041,-868,0,0,1440,254,833.862
10/06/2018 16:32:00,1025,-868,0,0,1440,254,830.569
10/06/2018 16:33:00,1029,-866,0,0,1440,254,827.34
10/06/2018 16:34:00,1043,-865,0,0,1440,254,824.223
10/06/2018 16:35:00,1024,-853,0,0,1440,254,820.662
10/06/2018 16:36:00,1000,-836,0,0,1440,254,816.429
10/06/2018 16:37:00,988,-789,0,0,1440,254,810.058
10/06/2018 16:38:00,641,-397,0,0,1440,254,784.405
10/06/2018 16:39:00,466,-238,0,0,1440,254,752.084
10/06/2018 16:40:00,428,-165,0,0,1440,254,717.73
10/06/2018 16:41:00,372,-103,0,0,1440,254,681.994
10/06/2018 16:42:00,340,-71,0,0,1440,254,647.894
10/06/2018 16:43:00,383,-122,0,0,1440,254,616.599
10/06/2018 16:44:00,286,-25,0,0,1440,254,585.769
10/06/2018 16:45:00,272,27,0,0,1440,254,556.481
10/06/2018 16:46:00,250,31,0,0,1440,254,528.657
10/06/2018 16:47:00,238,40,0,0,1440,254,502.224
10/06/2018 16:48:00,226,44,0,0,1440,254,477.113
10/06/2018 16:49:00,218,68,0,0,1440,254,453.257
10/06/2018 16:50:00,215,64,0,0,1440,254,430.594
10/06/2018 16:51:00,208,73,0,0,1440,254,409.065
10/06/2018 16:52:00,201,4,0,0,1440,254,388.611
10/06/2018 16:53:00,193,9,0,0,1440,254,369.181
10/06/2018 16:54:00,188,14,0,0,1440,254,350.722
10/06/2018 16:55:00,179,16,0,0,1440,254,333.186
10/06/2018 16:56:00,182,29,0,0,1440,254,316.526
10/06/2018 16:57:00,174,42,0,0,1440,254,300.7
10/06/2018 16:58:00,170,3054,0,0,1440,254,285.665
10/06/2018 16:59:00,164,3066,0,0,1440,254,271.382
10/06/2018 17:00:00,174,33,0,0,1440,254,257.813
10/06/2018 17:01:00,173,46,0,0,1440,254,244.922
10/06/2018 17:02:00,170,43,0,0,1440,254,232.676
10/06/2018 17:03:00,170,1520,0,0,1440,254,221.042
10/06/2018 17:04:00,176,1845,0,0,1440,254,209.99
10/06/2018 17:05:00,165,1839,0,0,1440,254,199.491
10/06/2018 17:06:00,155,1378,0,0,1440,254,189.516
10/06/2018 17:07:00,173,27,0,0,1440,254,180.04
10/06/2018 17:08:00,176,38,0,0,1440,254,171.038
10/06/2018 17:09:00,169,1791,0,0,1440,254,162.486
10/06/2018 17:10:00,159,27,0,0,1440,254,154.362
10/06/2018 17:11:00,153,36,0,0,1440,254,146.644
10/06/2018 17:12:00,151,32,0,0,1440,254,139.312
10/06/2018 17:13:00,159,40,0,0,1440,254,132.346
10/06/2018 17:14:00,130,46,0,0,1440,254,125.729
10/06/2018 17:15:00,127,71,0,0,1440,254,119.442
10/06/2018 17:16:00,104,83,0,0,1440,254,113.47
10/06/2018 17:17:00,101,91,0,0,1440,254,107.797
10/06/2018 17:18:00,87,97,0,0,1440,254,102.407
