"Date-time string", "solar:solar", "grid:Grid import export RAW"
2018-06-14 08:21:00, 219.0, -27
2018-06-14 08:22:00, 198.0, -22
2018-06-14 08:23:00, 214.0, -13
2018-06-14 08:24:00, 263.0, -65
2018-06-14 08:25:00, 296.0, -98
2018-06-14 08:26:00, 266.0, -66
2018-06-14 08:27:00, 188.0, 12
2018-06-14 08:28:00, 180.0, 12
2018-06-14 08:29:00, 151.0, 34
2018-06-14 08:30:00, 156.0, 36
2018-06-14 08:31:00, 158.0, 40
2018-06-14 08:32:00, 200.0, 2
2018-06-14 08:33:00, 184.0, 3044
2018-06-14 08:34:00, 207.0, -19
2018-06-14 08:35:00, 215.0, -41
2018-06-14 08:36:00, 256.0, -3
2018-06-14 08:37:00, 340.0, -148
2018-06-14 08:38:00, 588.0, -378
2018-06-14 08:39:00, 646.0, 764
2018-06-14 08:40:00, 495.0, 925
2018-06-14 08:41:00, 407.0, -247
2018-06-14 08:42:00, 508.0, -298
2018-06-14 08:43:00, 472.0, -282
2018-06-14 08:44:00, 388.0, -202
2018-06-14 08:45:00, 401.0, -214
2018-06-14 08:46:00, 462.0, -288
2018-06-14 08:47:00, 481.0, -314
2018-06-14 08:48:00, 556.0, -278
2018-06-14 08:49:00, 458.0, -219
2018-06-14 08:50:00, 446.0, -193
2018-06-14 08:51:00, 446.0, -190
2018-06-14 08:52:00, 434.0, -179
2018-06-14 08:53:00, 413.0, -158
2018-06-14 08:54:00, 421.0, -158
2018-06-14 08:55:00, 412.0, -74
2018-06-14 08:56:00, 377.0, -50
2018-06-14 08:57:00, 573.0, -237
2018-06-14 08:58:00, 535.0, -285
2018-06-14 08:59:00, 592.0, -271
2018-06-14 09:00:00, 552.0, -205
2018-06-14 09:01:00, 450.0, -137
2018-06-14 09:02:00, 693.0, -400
2018-06-14 09:03:00, 510.0, -214
2018-06-14 09:04:00, 2117.0, -1794
2018-06-14 09:05:00, 2703.0, -2329
2018-06-14 09:06:00, 527.0, -192
2018-06-14 09:07:00, 702.0, -404
2018-06-14 09:08:00, 748.0, -531
2018-06-14 09:09:00, 636.0, -389
2018-06-14 09:10:00, 511.0, -284
2018-06-14 09:11:00, 483.0, -298
2018-06-14 09:12:00, 428.0, -245
2018-06-14 09:13:00, 416.0, -237
2018-06-14 09:14:00, 458.0, -283
2018-06-14 09:15:00, 634.0, -441
2018-06-14 09:16:00, 755.0, -587
2018-06-14 09:17:00, 586.0, -488
2018-06-14 09:18:00, 601.0, -455
2018-06-14 09:19:00, 567.0, -386
2018-06-14 09:20:00, 442.0, -264
2018-06-14 09:21:00, 613.0, -409
2018-06-14 09:22:00, 670.0, -524
2018-06-14 09:23:00, 673.0, -449
2018-06-14 09:24:00, 521.0, -263
2018-06-14 09:25:00, 491.0, -333
2018-06-14 09:26:00, 701.0, -515
2018-06-14 09:27:00, 576.0, -415
2018-06-14 09:28:00, 789.0, -609
2018-06-14 09:29:00, 579.0, -398
2018-06-14 09:30:00, 464.0, -286
2018-06-14 09:31:00, 696.0, -469
2018-06-14 09:32:00, 744.0, -512
2018-06-14 09:33:00, 2944.0, -2705
2018-06-14 09:34:00, 645.0, -401
2018-06-14 09:35:00, 545.0, -305
2018-06-14 09:36:00, 587.0, -365
2018-06-14 09:37:00, 501.0, -243
2018-06-14 09:38:00, 3033.0, -2777
2018-06-14 09:39:00, 567.0, 2605
2018-06-14 09:40:00, 645.0, 2595
2018-06-14 09:41:00, 2743.0, 558
2018-06-14 09:42:00, 841.0, -699
2018-06-14 09:43:00, 1204.0, -950
2018-06-14 09:44:00, 737.0, -555
2018-06-14 09:45:00, 635.0, -452
2018-06-14 09:46:00, 627.0, -443
2018-06-14 09:47:00, 2376.0, -2487
2018-06-14 09:48:00, 1110.0, -909
2018-06-14 09:49:00, 1902.0, -1853
2018-06-14 09:50:00, 1142.0, -971
2018-06-14 09:51:00, 2222.0, -2069
2018-06-14 09:52:00, 736.0, -542
2018-06-14 09:53:00, 553.0, -377
2018-06-14 09:54:00, 735.0, -555
2018-06-14 09:55:00, 744.0, -579
2018-06-14 09:56:00, 736.0, -565
2018-06-14 09:57:00, 1500.0, -1308
2018-06-14 09:58:00, 831.0, -568
2018-06-14 09:59:00, 2947.0, -2722
2018-06-14 10:00:00, 985.0, -717
2018-06-14 10:01:00, 832.0, -574
2018-06-14 10:02:00, 686.0, -407
2018-06-14 10:03:00, 2302.0, -1953
2018-06-14 10:04:00, 718.0, -460
2018-06-14 10:05:00, 1045.0, -785
2018-06-14 10:06:00, 842.0, -602
2018-06-14 10:07:00, 778.0, -527
2018-06-14 10:08:00, 1450.0, -1223
2018-06-14 10:09:00, 1065.0, -812
2018-06-14 10:10:00, 1228.0, -1048
2018-06-14 10:11:00, 828.0, -649
2018-06-14 10:12:00, 861.0, -704
2018-06-14 10:13:00, 1103.0, -939
2018-06-14 10:14:00, 2984.0, -2823
2018-06-14 10:15:00, 1303.0, -1037
2018-06-14 10:16:00, 656.0, -418
2018-06-14 10:17:00, 454.0, -212
2018-06-14 10:18:00, 375.0, -129
2018-06-14 10:19:00, 302.0, -44
2018-06-14 10:20:00, 265.0, -14
2018-06-14 10:21:00, 293.0, -51
2018-06-14 10:22:00, 402.0, -182
2018-06-14 10:23:00, 458.0, -240
2018-06-14 10:24:00, 592.0, -394
2018-06-14 10:25:00, 842.0, -676
2018-06-14 10:26:00, 1258.0, -1119
2018-06-14 10:27:00, 2267.0, -1803
2018-06-14 10:28:00, 1242.0, -1092
2018-06-14 10:29:00, 1845.0, 1365
2018-06-14 10:30:00, 1135.0, 2134
2018-06-14 10:31:00, 759.0, 2518
2018-06-14 10:32:00, 599.0, 2699
2018-06-14 10:33:00, 287.0, 3004
2018-06-14 10:34:00, 235.0, -30
2018-06-14 10:35:00, 177.0, 22
2018-06-14 10:36:00, 235.0, -42
2018-06-14 10:37:00, 436.0, -276
2018-06-14 10:38:00, 639.0, -447
2018-06-14 10:39:00, 656.0, -470
2018-06-14 10:40:00, 557.0, -387
2018-06-14 10:41:00, 325.0, -154
2018-06-14 10:42:00, 232.0, -39
2018-06-14 10:43:00, 298.0, -57
2018-06-14 10:44:00, 407.0, -176
2018-06-14 10:45:00, 396.0, -174
2018-06-14 10:46:00, 302.0, 1930
2018-06-14 10:47:00, 215.0, 2021
2018-06-14 10:48:00, 179.0, 35
2018-06-14 10:49:00, 137.0, 81
2018-06-14 10:50:00, 129.0, 115
2018-06-14 10:51:00, 150.0, 93
2018-06-14 10:52:00, 253.0, -20
2018-06-14 10:53:00, 370.0, -149
2018-06-14 10:54:00, 501.0, -261
2018-06-14 10:55:00, 638.0, -378
2018-06-14 10:56:00, 481.0, -265
2018-06-14 10:57:00, 2233.0, -1796
2018-06-14 10:58:00, 2764.0, -2604
2018-06-14 10:59:00, 2899.0, -2700
2018-06-14 11:00:00, 1201.0, -849
2018-06-14 11:01:00, 895.0, -611
2018-06-14 11:02:00, 710.0, -407
2018-06-14 11:03:00, 642.0, -339
2018-06-14 11:04:00, 2986.0, -2691
2018-06-14 11:05:00, 2972.0, -2713
2018-06-14 11:06:00, 2846.0, -2532
2018-06-14 11:07:00, 699.0, -402
2018-06-14 11:08:00, 585.0, -72
2018-06-14 11:09:00, 418.0, 91
2018-06-14 11:10:00, 323.0, 209
2018-06-14 11:11:00, 267.0, 250
2018-06-14 11:12:00, 272.0, 264
2018-06-14 11:13:00, 275.0, 175
2018-06-14 11:14:00, 327.0, 110
2018-06-14 11:15:00, 343.0, 81
2018-06-14 11:16:00, 406.0, 42
2018-06-14 11:17:00, 2897.0, -2455
2018-06-14 11:18:00, 788.0, -346
2018-06-14 11:19:00, 1501.0, -989
2018-06-14 11:20:00, 1222.0, -790
2018-06-14 11:21:00, 2268.0, -1940
2018-06-14 11:22:00, 1098.0, -585
2018-06-14 11:23:00, 884.0, -376
2018-06-14 11:24:00, 814.0, -346
2018-06-14 11:25:00, 1009.0, -567
2018-06-14 11:26:00, 1357.0, -969
2018-06-14 11:27:00, 2947.0, -2527
2018-06-14 11:28:00, 744.0, -298
2018-06-14 11:29:00, 877.0, -438
2018-06-14 11:30:00, 939.0, -484
2018-06-14 11:31:00, 1167.0, -724
2018-06-14 11:32:00, 1035.0, -592
2018-06-14 11:33:00, 877.0, -429
2018-06-14 11:34:00, 919.0, -472
2018-06-14 11:35:00, 823.0, -375
2018-06-14 11:36:00, 2916.0, -2549
2018-06-14 11:37:00, 1058.0, -582
2018-06-14 11:38:00, 630.0, -182
2018-06-14 11:39:00, 527.0, -121
2018-06-14 11:40:00, 480.0, -22
2018-06-14 11:41:00, 368.0, 89
2018-06-14 11:42:00, 305.0, 143
2018-06-14 11:43:00, 389.0, 28
2018-06-14 11:44:00, 548.0, -126
2018-06-14 11:45:00, 785.0, -403
2018-06-14 11:46:00, 958.0, -566
2018-06-14 11:47:00, 2145.0, -693
2018-06-14 11:48:00, 2953.0, -2577
2018-06-14 11:49:00, 2899.0, -2558
2018-06-14 11:50:00, 872.0, -469
2018-06-14 11:51:00, 1254.0, -1070
2018-06-14 11:52:00, 2287.0, -1765
2018-06-14 11:53:00, 884.0, -485
2018-06-14 11:54:00, 603.0, -270
2018-06-14 11:55:00, 519.0, -117
2018-06-14 11:56:00, 2923.0, -2558
2018-06-14 11:57:00, 2681.0, -2591
2018-06-14 11:58:00, 991.0, -607
2018-06-14 11:59:00, 2783.0, -2305
2018-06-14 12:00:00, 2877.0, -2433
2018-06-14 12:01:00, 574.0, -81
2018-06-14 12:02:00, 2809.0, -2346
2018-06-14 12:03:00, 2725.0, -2268
2018-06-14 12:04:00, 2684.0, -2217
2018-06-14 12:05:00, 2617.0, -2208
2018-06-14 12:06:00, 2722.0, -2255
2018-06-14 12:07:00, 2644.0, -2210
2018-06-14 12:08:00, 2686.0, -2231
2018-06-14 12:09:00, 2660.0, -2202
2018-06-14 12:10:00, 2573.0, -2227
2018-06-14 12:11:00, 2751.0, -2339
2018-06-14 12:12:00, 2810.0, -2383
2018-06-14 12:13:00, 2717.0, -2374
2018-06-14 12:14:00, 2755.0, -2391
2018-06-14 12:15:00, 2804.0, -2404
2018-06-14 12:16:00, 2740.0, -2418
2018-06-14 12:17:00, 1396.0, -1168
2018-06-14 12:18:00, 2441.0, -1880
2018-06-14 12:19:00, 669.0, -255
2018-06-14 12:20:00, 677.0, -285
2018-06-14 12:21:00, 958.0, -562
2018-06-14 12:22:00, 952.0, -519
2018-06-14 12:23:00, 1557.0, -944
2018-06-14 12:24:00, 1020.0, -597
2018-06-14 12:25:00, 728.0, -316
2018-06-14 12:26:00, 609.0, -170
2018-06-14 12:27:00, 569.0, -116
2018-06-14 12:28:00, 678.0, -242
2018-06-14 12:29:00, 1519.0, -1210
2018-06-14 12:30:00, 1214.0, -773
2018-06-14 12:31:00, 859.0, -436
2018-06-14 12:32:00, 2475.0, -2163
2018-06-14 12:33:00, 2904.0, -2475
2018-06-14 12:34:00, 2859.0, -2444
2018-06-14 12:35:00, 1738.0, -1298
2018-06-14 12:36:00, 2733.0, -2351
2018-06-14 12:37:00, 1033.0, -651
2018-06-14 12:38:00, 1090.0, -798
2018-06-14 12:39:00, 3006.0, -2806
2018-06-14 12:40:00, 2927.0, -2739
2018-06-14 12:41:00, 702.0, -499
2018-06-14 12:42:00, 632.0, -420
2018-06-14 12:43:00, 1157.0, -950
2018-06-14 12:44:00, 2668.0, -2520
2018-06-14 12:45:00, 2832.0, -2612
2018-06-14 12:46:00, 2769.0, -2591
2018-06-14 12:47:00, 2737.0, -2579
2018-06-14 12:48:00, 1334.0, -1378
2018-06-14 12:49:00, 647.0, -426
2018-06-14 12:50:00, 2874.0, -2649
2018-06-14 12:51:00, 1279.0, -1180
2018-06-14 12:52:00, 801.0, -590
2018-06-14 12:53:00, 667.0, -449
2018-06-14 12:54:00, 680.0, -468
2018-06-14 12:55:00, 2873.0, -2666
2018-06-14 12:56:00, 2821.0, -2648
2018-06-14 12:57:00, 841.0, 1254
2018-06-14 12:58:00, null, null
2018-06-14 12:59:00, 508.0, 1455
2018-06-14 13:00:00, 562.0, 2790
2018-06-14 13:01:00, 2744.0, -1233
2018-06-14 13:02:00, 2689.0, 332
2018-06-14 13:03:00, 2668.0, -2344
2018-06-14 13:04:00, 2539.0, -2271
2018-06-14 13:05:00, 2465.0, -2190
2018-06-14 13:06:00, 2555.0, -2281
2018-06-14 13:07:00, 695.0, -385
2018-06-14 13:08:00, 656.0, -359
2018-06-14 13:09:00, 2654.0, -2367
2018-06-14 13:10:00, 2681.0, -2414
2018-06-14 13:11:00, 2656.0, -2452
2018-06-14 13:12:00, 750.0, -445
2018-06-14 13:13:00, 602.0, -314
2018-06-14 13:14:00, 530.0, -257
2018-06-14 13:15:00, 1175.0, -1000
2018-06-14 13:16:00, 2736.0, -2560
2018-06-14 13:17:00, 2178.0, -2089
2018-06-14 13:18:00, 608.0, -425
2018-06-14 13:19:00, 1886.0, -1878
2018-06-14 13:20:00, 1368.0, -1049
2018-06-14 13:21:00, 722.0, -544
2018-06-14 13:22:00, 866.0, -655
2018-06-14 13:23:00, 2536.0, -2362
2018-06-14 13:24:00, null, null
2018-06-14 13:25:00, 2565.0, -2348
2018-06-14 13:26:00, 2551.0, -2372
2018-06-14 13:27:00, 2458.0, -2285
2018-06-14 13:28:00, 2391.0, -2165
2018-06-14 13:29:00, 2391.0, -2235
2018-06-14 13:30:00, 2373.0, -2350
2018-06-14 13:31:00, 746.0, -563
2018-06-14 13:32:00, 518.0, -328
2018-06-14 13:33:00, 512.0, -328
2018-06-14 13:34:00, 2468.0, -2312
2018-06-14 13:35:00, 2420.0, -2287
2018-06-14 13:36:00, 2423.0, -2264
2018-06-14 13:37:00, 2242.0, -1908
2018-06-14 13:38:00, 886.0, -741
2018-06-14 13:39:00, 2392.0, -2182
2018-06-14 13:40:00, 2373.0, -2154
2018-06-14 13:41:00, 2308.0, -2176
2018-06-14 13:42:00, 2295.0, -2156
2018-06-14 13:43:00, 2258.0, -2094
2018-06-14 13:44:00, 2249.0, -2068
2018-06-14 13:45:00, 2203.0, -2049
2018-06-14 13:46:00, 2237.0, -2034
2018-06-14 13:47:00, 2264.0, -2077
2018-06-14 13:48:00, 2284.0, -2159
2018-06-14 13:49:00, 2160.0, -2001
2018-06-14 13:50:00, 2119.0, -1945
2018-06-14 13:51:00, 2090.0, -1970
2018-06-14 13:52:00, 2080.0, -1935
2018-06-14 13:53:00, 2146.0, -1955
2018-06-14 13:54:00, 2090.0, -1959
2018-06-14 13:55:00, 2105.0, -1838
2018-06-14 13:56:00, 2140.0, -1955
2018-06-14 13:57:00, 2122.0, -1947
2018-06-14 13:58:00, 2100.0, -1972
2018-06-14 13:59:00, 2133.0, -2002
2018-06-14 14:00:00, 2134.0, -1982
2018-06-14 14:01:00, 2132.0, -1862
2018-06-14 14:02:00, 2101.0, -1843
2018-06-14 14:03:00, 2123.0, -1843
2018-06-14 14:04:00, 2056.0, -1857
2018-06-14 14:05:00, 2075.0, -1814
2018-06-14 14:06:00, 2087.0, -1821
2018-06-14 14:07:00, 2067.0, -1840
2018-06-14 14:08:00, 2050.0, -1842
2018-06-14 14:09:00, 2068.0, -1812
2018-06-14 14:10:00, 2088.0, -1841
2018-06-14 14:11:00, 2096.0, -1835
2018-06-14 14:12:00, 2066.0, -1877
2018-06-14 14:13:00, 2115.0, -1880
2018-06-14 14:14:00, 2103.0, -1865
2018-06-14 14:15:00, 2110.0, -1927
2018-06-14 14:16:00, 2154.0, -1965
2018-06-14 14:17:00, 2181.0, -2014
2018-06-14 14:18:00, 491.0, -299
2018-06-14 14:19:00, 498.0, -315
2018-06-14 14:20:00, 1999.0, -1772
2018-06-14 14:21:00, 2182.0, -2059
2018-06-14 14:22:00, 2168.0, -2023
2018-06-14 14:23:00, 2159.0, -1990
2018-06-14 14:24:00, 2229.0, -2078
2018-06-14 14:25:00, 634.0, -473
2018-06-14 14:26:00, 2292.0, -2154
2018-06-14 14:27:00, 831.0, -640
2018-06-14 14:28:00, 846.0, -665
2018-06-14 14:29:00, 2375.0, -2177
2018-06-14 14:30:00, 689.0, -479
2018-06-14 14:31:00, 682.0, -491
2018-06-14 14:32:00, 1223.0, -1091
2018-06-14 14:33:00, 2230.0, -2047
2018-06-14 14:34:00, 2200.0, -2084
2018-06-14 14:35:00, 2210.0, -2043
2018-06-14 14:36:00, 691.0, -492
2018-06-14 14:37:00, 1883.0, -1719
2018-06-14 14:38:00, 1204.0, -887
2018-06-14 14:39:00, 1819.0, -1679
2018-06-14 14:40:00, 828.0, -648
2018-06-14 14:41:00, 850.0, -675
2018-06-14 14:42:00, 875.0, -676
2018-06-14 14:43:00, 718.0, -541
2018-06-14 14:44:00, 694.0, -503
2018-06-14 14:45:00, 691.0, -525
2018-06-14 14:46:00, 739.0, -556
2018-06-14 14:47:00, 1180.0, -973
2018-06-14 14:48:00, 886.0, -730
2018-06-14 14:49:00, 879.0, -706
2018-06-14 14:50:00, 1130.0, -990
2018-06-14 14:51:00, 922.0, -760
2018-06-14 14:52:00, 912.0, -741
2018-06-14 14:53:00, 888.0, -708
2018-06-14 14:54:00, 945.0, -762
2018-06-14 14:55:00, 919.0, -728
2018-06-14 14:56:00, 870.0, -685
2018-06-14 14:57:00, 788.0, -601
2018-06-14 14:58:00, 692.0, -508
2018-06-14 14:59:00, 598.0, -432
2018-06-14 15:00:00, 534.0, -368
2018-06-14 15:01:00, 536.0, -356
2018-06-14 15:02:00, 655.0, -494
2018-06-14 15:03:00, 1268.0, -1097
2018-06-14 15:04:00, 1233.0, -1063
2018-06-14 15:05:00, 1073.0, -770
2018-06-14 15:06:00, 819.0, -573
2018-06-14 15:07:00, 853.0, -594
2018-06-14 15:08:00, 1038.0, -761
2018-06-14 15:09:00, 837.0, -581
2018-06-14 15:10:00, 814.0, -567
2018-06-14 15:11:00, 1624.0, -1333
2018-06-14 15:12:00, 2147.0, -1865
2018-06-14 15:13:00, 2087.0, -1882
2018-06-14 15:14:00, 2052.0, -1803
2018-06-14 15:15:00, 1812.0, -1572
2018-06-14 15:16:00, 1887.0, -1643
2018-06-14 15:17:00, 1804.0, -1577
2018-06-14 15:18:00, 1580.0, -1414
2018-06-14 15:19:00, 1048.0, -812
2018-06-14 15:20:00, 753.0, -590
2018-06-14 15:21:00, 785.0, -603
2018-06-14 15:22:00, 866.0, -686
2018-06-14 15:23:00, 835.0, -650
2018-06-14 15:24:00, 767.0, -590
2018-06-14 15:25:00, 852.0, -693
2018-06-14 15:26:00, 733.0, -563
2018-06-14 15:27:00, 780.0, -591
2018-06-14 15:28:00, 943.0, 2314
2018-06-14 15:29:00, 847.0, 2422
2018-06-14 15:30:00, 815.0, -672
2018-06-14 15:31:00, 1534.0, -1420
2018-06-14 15:32:00, 1690.0, -1366
2018-06-14 15:33:00, 832.0, -645
2018-06-14 15:34:00, 715.0, -538
2018-06-14 15:35:00, 650.0, -483
2018-06-14 15:36:00, 608.0, -453
2018-06-14 15:37:00, 604.0, -427
2018-06-14 15:38:00, 500.0, -427
2018-06-14 15:39:00, 631.0, -412
2018-06-14 15:40:00, 586.0, -443
2018-06-14 15:41:00, 1036.0, -835
2018-06-14 15:42:00, 962.0, -774
2018-06-14 15:43:00, 929.0, -755
2018-06-14 15:44:00, 865.0, -691
2018-06-14 15:45:00, 866.0, -704
2018-06-14 15:46:00, 796.0, -626
2018-06-14 15:47:00, 724.0, -564
2018-06-14 15:48:00, 644.0, 2594
2018-06-14 15:49:00, 626.0, 2637
2018-06-14 15:50:00, 599.0, -399
2018-06-14 15:51:00, 560.0, -383
2018-06-14 15:52:00, 542.0, -359
2018-06-14 15:53:00, 485.0, -343
2018-06-14 15:54:00, 483.0, -344
2018-06-14 15:55:00, 454.0, -277
2018-06-14 15:56:00, 420.0, -237
2018-06-14 15:57:00, 412.0, -222
2018-06-14 15:58:00, 417.0, -181
2018-06-14 15:59:00, 519.0, -282
2018-06-14 16:00:00, 624.0, -439
2018-06-14 16:01:00, 1322.0, -1133
2018-06-14 16:02:00, 809.0, -644
2018-06-14 16:03:00, 735.0, -463
2018-06-14 16:04:00, 667.0, -394
2018-06-14 16:05:00, 582.0, -263
2018-06-14 16:06:00, 552.0, -298
2018-06-14 16:07:00, 574.0, -317
2018-06-14 16:08:00, 606.0, -355
2018-06-14 16:09:00, 648.0, -361
2018-06-14 16:10:00, 730.0, -497
2018-06-14 16:11:00, 828.0, -616
2018-06-14 16:12:00, 1027.0, -803
2018-06-14 16:13:00, 563.0, -322
2018-06-14 16:14:00, 474.0, -230
2018-06-14 16:15:00, 378.0, -134
2018-06-14 16:16:00, 344.0, -89
2018-06-14 16:17:00, 363.0, -186
2018-06-14 16:18:00, 401.0, -244
2018-06-14 16:19:00, 463.0, -346
2018-06-14 16:20:00, 460.0, -271
2018-06-14 16:21:00, 1186.0, -1020
2018-06-14 16:22:00, 633.0, -464
2018-06-14 16:23:00, 1061.0, -922
2018-06-14 16:24:00, 782.0, -596
2018-06-14 16:25:00, 1197.0, -1027
2018-06-14 16:26:00, 526.0, -303
2018-06-14 16:27:00, 454.0, -305
2018-06-14 16:28:00, 557.0, -451
2018-06-14 16:29:00, 847.0, -631
2018-06-14 16:30:00, 740.0, -570
2018-06-14 16:31:00, 627.0, -483
2018-06-14 16:32:00, 688.0, -508
2018-06-14 16:33:00, 753.0, -593
2018-06-14 16:34:00, 794.0, -628
2018-06-14 16:35:00, 665.0, -478
2018-06-14 16:36:00, 1250.0, -1080
2018-06-14 16:37:00, 802.0, -599
2018-06-14 16:38:00, 510.0, -336
2018-06-14 16:39:00, 911.0, -729
2018-06-14 16:40:00, 748.0, -572
2018-06-14 16:41:00, 707.0, -538
2018-06-14 16:42:00, 617.0, -453
2018-06-14 16:43:00, 606.0, -457
2018-06-14 16:44:00, null, null
2018-06-14 16:45:00, 497.0, -333
2018-06-14 16:46:00, 504.0, -302
2018-06-14 16:47:00, 485.0, -299
2018-06-14 16:48:00, 450.0, -284
2018-06-14 16:49:00, 447.0, -271
2018-06-14 16:50:00, 498.0, -270
2018-06-14 16:51:00, 510.0, -264
2018-06-14 16:52:00, 500.0, -345
2018-06-14 16:53:00, 521.0, -309
2018-06-14 16:54:00, 542.0, -308
2018-06-14 16:55:00, 519.0, -352
2018-06-14 16:56:00, 579.0, -326
2018-06-14 16:57:00, 513.0, -336
2018-06-14 16:58:00, 488.0, -370
2018-06-14 16:59:00, 519.0, -263
2018-06-14 17:00:00, 528.0, -274
2018-06-14 17:01:00, 497.0, -346
2018-06-14 17:02:00, 565.0, 2794
2018-06-14 17:03:00, 539.0, 2813
2018-06-14 17:04:00, 580.0, -352
2018-06-14 17:05:00, 606.0, -411
2018-06-14 17:06:00, 531.0, 944
2018-06-14 17:07:00, 497.0, -277
2018-06-14 17:08:00, 595.0, -291
2018-06-14 17:09:00, 508.0, 1575
2018-06-14 17:10:00, 523.0, 1502
2018-06-14 17:11:00, 495.0, -303
2018-06-14 17:12:00, 539.0, 2883
2018-06-14 17:13:00, 526.0, 2896
2018-06-14 17:14:00, 847.0, -518
2018-06-14 17:15:00, 861.0, -530
2018-06-14 17:16:00, 875.0, -578
2018-06-14 17:17:00, 762.0, -449
2018-06-14 17:18:00, 602.0, 1075
2018-06-14 17:19:00, 610.0, -314
2018-06-14 17:20:00, 579.0, -271
2018-06-14 17:21:00, 591.0, -243
2018-06-14 17:22:00, 472.0, -258
2018-06-14 17:23:00, 482.0, -239
2018-06-14 17:24:00, 459.0, -232
2018-06-14 17:25:00, 450.0, -223
2018-06-14 17:26:00, 473.0, -241
2018-06-14 17:27:00, 562.0, -311
2018-06-14 17:28:00, 595.0, -388
2018-06-14 17:29:00, 680.0, -389
2018-06-14 17:30:00, 610.0, -411
2018-06-14 17:31:00, 594.0, -304
2018-06-14 17:32:00, 533.0, -317
2018-06-14 17:33:00, 447.0, -267
2018-06-14 17:34:00, 400.0, -21
2018-06-14 17:35:00, 343.0, 63
2018-06-14 17:36:00, 293.0, -116
2018-06-14 17:37:00, 307.0, -123
2018-06-14 17:38:00, 324.0, -142
2018-06-14 17:39:00, 348.0, -165
2018-06-14 17:40:00, 348.0, 2919
2018-06-14 17:41:00, 404.0, 1676
2018-06-14 17:42:00, 535.0, 1563
2018-06-14 17:43:00, 633.0, 1476
2018-06-14 17:44:00, 541.0, 1566
2018-06-14 17:45:00, 488.0, -370
2018-06-14 17:46:00, 466.0, -287
2018-06-14 17:47:00, 461.0, -288
2018-06-14 17:48:00, 428.0, 2156
2018-06-14 17:49:00, 386.0, 2187
2018-06-14 17:50:00, 324.0, -145
2018-06-14 17:51:00, 333.0, -159
2018-06-14 17:52:00, 334.0, 2270
2018-06-14 17:53:00, 273.0, 4187
2018-06-14 17:54:00, 251.0, 1826
2018-06-14 17:55:00, 241.0, 1872
2018-06-14 17:56:00, 234.0, 1845
2018-06-14 17:57:00, 238.0, 4879
2018-06-14 17:58:00, 266.0, 1795
2018-06-14 17:59:00, 294.0, 4129
2018-06-14 18:00:00, 314.0, -125
2018-06-14 18:01:00, 346.0, 1709
2018-06-14 18:02:00, 346.0, 4155
2018-06-14 18:03:00, 364.0, 3812
2018-06-14 18:04:00, 389.0, 5883
2018-06-14 18:05:00, 393.0, 1838
2018-06-14 18:06:00, 392.0, -50
2018-06-14 18:07:00, 454.0, -96
2018-06-14 18:08:00, 470.0, -168
2018-06-14 18:09:00, 436.0, -113
2018-06-14 18:10:00, 404.0, -47
2018-06-14 18:11:00, 382.0, -43
2018-06-14 18:12:00, 318.0, 9
2018-06-14 18:13:00, 293.0, 41
2018-06-14 18:14:00, 296.0, -11
2018-06-14 18:15:00, 308.0, 1417
2018-06-14 18:16:00, 272.0, 33
2018-06-14 18:17:00, 237.0, 74
2018-06-14 18:18:00, 201.0, 114
2018-06-14 18:19:00, 203.0, 119
2018-06-14 18:20:00, 176.0, 138
2018-06-14 18:21:00, 210.0, 93
2018-06-14 18:22:00, 213.0, 93
2018-06-14 18:23:00, 179.0, 132
2018-06-14 18:24:00, 180.0, 131
2018-06-14 18:25:00, 197.0, 118
2018-06-14 18:26:00, 250.0, 54
2018-06-14 18:27:00, 252.0, 62
2018-06-14 18:28:00, 241.0, 69
2018-06-14 18:29:00, 206.0, 103
2018-06-14 18:30:00, 218.0, 47
2018-06-14 18:31:00, 201.0, 53
2018-06-14 18:32:00, 242.0, 7
2018-06-14 18:33:00, 249.0, 0
2018-06-14 18:34:00, 201.0, 69
2018-06-14 18:35:00, 199.0, 54
2018-06-14 18:36:00, 188.0, 74
2018-06-14 18:37:00, 191.0, 68
2018-06-14 18:38:00, 195.0, 70
2018-06-14 18:39:00, 213.0, 38
2018-06-14 18:40:00, 226.0, 102
2018-06-14 18:41:00, 215.0, 1367
2018-06-14 18:42:00, 208.0, 1349
2018-06-14 18:43:00, 218.0, 1313
2018-06-14 18:44:00, 241.0, 0
2018-06-14 18:45:00, 256.0, -4
2018-06-14 18:46:00, 248.0, 28
2018-06-14 18:47:00, 243.0, 27
2018-06-14 18:48:00, 232.0, 26
2018-06-14 18:49:00, 224.0, 16
2018-06-14 18:50:00, 222.0, 37
2018-06-14 18:51:00, 213.0, 37
2018-06-14 18:52:00, 188.0, 55
2018-06-14 18:53:00, 182.0, 65
2018-06-14 18:54:00, 170.0, 113
2018-06-14 18:55:00, 160.0, 107
2018-06-14 18:56:00, 178.0, 100
2018-06-14 18:57:00, 187.0, 94
2018-06-14 18:58:00, 179.0, 94
2018-06-14 18:59:00, 188.0, 171
2018-06-14 19:00:00, 223.0, 145
2018-06-14 19:01:00, 215.0, 145
2018-06-14 19:02:00, 212.0, 71
2018-06-14 19:03:00, 218.0, 75
2018-06-14 19:04:00, 183.0, 111
2018-06-14 19:05:00, 194.0, 97
2018-06-14 19:06:00, 195.0, 169
2018-06-14 19:07:00, 182.0, 288
2018-06-14 19:08:00, 172.0, 94
2018-06-14 19:09:00, 167.0, 92
2018-06-14 19:10:00, 172.0, 84
2018-06-14 19:11:00, 182.0, 75
2018-06-14 19:12:00, 196.0, 62
2018-06-14 19:13:00, 199.0, 59
2018-06-14 19:14:00, 171.0, 11
2018-06-14 19:15:00, 176.0, 2
2018-06-14 19:16:00, 193.0, 1
2018-06-14 19:17:00, 182.0, -10
2018-06-14 19:18:00, 177.0, 14
2018-06-14 19:19:00, 168.0, 6
2018-06-14 19:20:00, 179.0, 2
